序号,链接,节点数
0,https://anaer.github.io/Sub/clash.yaml,3868
1,https://clash.crossxx.com/sub/hysteria/1763654404,0
2,https://ghfast.top/https://raw.githubusercontent.com/free18/v2ray/refs/heads/main/v.txt,357
3,https://gist.githubusercontent.com/peasoft/40b87245630092f30cc98af61190b4e2/raw/,10
4,https://git.io/emzclash,18
5,https://github.com/PuddinCat/BestClash/raw/refs/heads/main/proxies.yaml,16
6,https://github.com/Ruk1ng001/freeSub/raw/refs/heads/main/clash.yaml,484
7,https://github.com/clashv2ray-hub/v2rayfree/raw/refs/heads/main/v2ray.txt,0
8,https://github.com/cxddgtb/-/raw/refs/heads/main/output/all_sub.txt,5000
9,https://github.com/cxddgtb/dljdsjq/raw/refs/heads/main/output/nodes.txt,6367
10,https://github.com/free-nodes/clashfree/blob/main/clash.yml,0
11,https://github.com/hello-world-1989/cn-news/raw/refs/heads/main/clash.yaml,2
12,https://github.com/shaoyouvip/free/raw/refs/heads/main/all.yaml,29
13,https://github.com/telegeam/freenode/raw/refs/heads/master/v2ray.txt,0
14,https://github.com/ts-sf/fly/raw/refs/heads/main/clash,149
15,https://github.com/zipvpn/FreeVPNNodes/raw/refs/heads/main/free_clash_nodes.yaml,0
16,https://image.fakeyou.top/2dc9f398-2e7a-4b4a-bb5d-5b2090bc84df.txt,670
17,https://mirror.v2gh.com/https://raw.githubusercontent.com/Pawdroid/Free-servers/main/sub,0
18,https://raw.githubusercontent.com/Jsnzkpg/Jsnzkpg/Jsnzkpg/Jsnzkpg,42
19,https://raw.githubusercontent.com/PuddinCat/BestClash/refs/heads/main/proxies.yaml,16
20,https://raw.githubusercontent.com/Surfboardv2ray/TGParse/main/python/hy2,19
21,https://raw.githubusercontent.com/Surfboardv2ray/TGParse/main/python/hysteria2,34
22,https://raw.githubusercontent.com/anaer/Sub/main/clash.yaml,3868
23,https://raw.githubusercontent.com/chengaopan/AutoMergePublicNodes/master/list.txt,59
24,https://raw.githubusercontent.com/chengaopan/AutoMergePublicNodes/refs/heads/master/list.yml,19
25,https://raw.githubusercontent.com/ermaozi01/free_clash_vpn/main/subscribe/clash.yml,18
26,https://raw.githubusercontent.com/hello-world-1989/cn-news/refs/heads/main/clash.yaml,2
27,https://raw.githubusercontent.com/ripaojiedian/freenode/main/clash,14
28,https://raw.githubusercontent.com/ripaojiedian/freenode/main/sub,14
29,https://raw.githubusercontent.com/snakem982/proxypool/main/source/v2ray-2.txt,6
30,https://raw.githubusercontent.com/zhangkaiitugithub/passcro/main/speednodes.yaml,61
31,https://raw.kkgithub.com/ripaojiedian/freenode/main/clash,0
32,https://subconverters.com/sub?target=clash&url=http%3A%2F%2F103.143.238.196%3A20211%2F&insert=false&config=https%3A%2F%2Fraw.githubusercontent.com%2FACL4SSR%2FACL,0
33,https://tI3vpr.absslk.xyz/48e1bcd87614ebba928fd9d429783f9e,0
34,https://www.xrayvip.com/free.txt,15
35,https://xeJw2F.mcsslk.xyz/7585eb83b9170fdc1b8134b27746bec7,0

总计,,10336
